Name,Link,Pushed At,Days Since Push,Updated At,Days Since Update
ICRAR/void,https://github.com/ICRAR/void,2012-07-30 06:05:45,2088,2013-01-08 03:40:28,1926
ICRAR/pleiades,https://github.com/ICRAR/pleiades,2012-06-01 01:13:23,2147,2013-10-03 08:29:37,1658
ICRAR/stellarium-pogs,https://github.com/ICRAR/stellarium-pogs,2013-10-09 08:03:50,1652,2013-10-09 08:03:51,1652
ICRAR/exas,https://github.com/ICRAR/exas,2012-12-09 12:19:32,1956,2013-10-10 23:44:52,1650
ICRAR/machine-setup,https://github.com/ICRAR/machine-setup,2012-06-25 06:25:14,2123,2013-10-22 21:24:02,1638
ICRAR/SINGG-IDL,https://github.com/ICRAR/SINGG-IDL,2013-02-15 07:44:16,1888,2013-10-24 03:29:37,1637
ICRAR/TSN-iPhone,https://github.com/ICRAR/TSN-iPhone,2013-10-25 06:15:56,1636,2013-10-25 06:16:02,1636
ICRAR/gridding,https://github.com/ICRAR/gridding,2012-03-09 01:27:05,2231,2013-11-03 14:49:30,1626
ICRAR/Lightcone,https://github.com/ICRAR/Lightcone,2012-02-20 01:24:57,2249,2013-11-19 19:39:21,1610
ICRAR/f2j,https://github.com/ICRAR/f2j,2014-01-22 08:33:47,1547,2014-01-22 08:33:47,1547
ICRAR/POGS_HDF5_Grabber,https://github.com/ICRAR/POGS_HDF5_Grabber,2013-06-05 09:09:09,1778,2014-02-06 03:41:44,1532
ICRAR/science_portals,https://github.com/ICRAR/science_portals,2013-10-29 03:47:37,1632,2014-07-31 07:45:12,1357
ICRAR/stellarium-svmt-radio,https://github.com/ICRAR/stellarium-svmt-radio,2012-01-20 05:04:15,2280,2014-10-17 07:47:05,1279
ICRAR/SkuareView-Server,https://github.com/ICRAR/SkuareView-Server,2015-08-26 13:19:27,966,2015-08-26 13:45:14,965
ICRAR/chiles_pipeline,https://github.com/ICRAR/chiles_pipeline,2015-11-02 05:54:55,898,2015-04-24 07:30:11,1090
ICRAR/SkuareView-Client-retired,https://github.com/ICRAR/SkuareView-Client-retired,2013-02-19 02:45:54,1884,2015-12-08 06:44:18,862
